Name	Gene symbol	Hierarchy node	Element type	Element subtype	Class	Subclass	% Coverage of reference sequence	% Identity to reference sequence	Accession of closest sequence
SAMN04122821	gyrA_S83L	gyrA	AMR	POINT	QUINOLONE	QUINOLONE	99.66	98.97	WP_001281243.1
SAMN04122821	glpT_E448K	glpT	AMR	POINT	FOSFOMYCIN	FOSFOMYCIN	100	99.78	WP_000948731.1
SAMN04122821	parE_I529L	parE	AMR	POINT	QUINOLONE	QUINOLONE	100	99.52	WP_033554192.1
SAMN04122821	parC_S80R	parC	AMR	POINT	QUINOLONE	QUINOLONE	100	99.47	WP_001281881.1
SAMN04122821	blaEC	blaEC	AMR	AMR	BETA-LACTAM	BETA-LACTAM	100	98.94	AAZ85965.1
SAMN04122821	acrF	acrF	AMR	AMR	EFFLUX	EFFLUX	100	99.52	AAC76298.1
SAMN04122821	ptsI_V25I	ptsI	AMR	POINT	FOSFOMYCIN	FOSFOMYCIN	100	99.65	WP_000623140.1
SAMN04122821	uhpT_E350Q	uhpT	AMR	POINT	FOSFOMYCIN	FOSFOMYCIN	100	99.78	WP_000879194.1
SAMN04122821	emrD	emrD	AMR	AMR	EFFLUX	EFFLUX	100	98.99	EFF04178.1
SAMN04122821	blaCTX-M-15	blaCTX-M-15	AMR	AMR	BETA-LACTAM	CEPHALOSPORIN	100	100	WP_000239590.1
SAMN04122821	pmrB_E123D	pmrB	AMR	POINT	COLISTIN	COLISTIN	100	98.9	WP_001300761.1
SAMN04122821	tet(A)	tet(A)	AMR	AMR	TETRACYCLINE	TETRACYCLINE	100	100	WP_000804064.1
SAMN04122821	aph(6)-Id	aph(6)-Id	AMR	AMR	AMINOGLYCOSIDE	STREPTOMYCIN	100	100	WP_000480972.1
SAMN04122821	aph(3'')-Ib	aph(3'')-Ib	AMR	AMR	AMINOGLYCOSIDE	STREPTOMYCIN	100	100	WP_001082319.1
SAMN04122821	sul2	sul2	AMR	AMR	SULFONAMIDE	SULFONAMIDE	100	100	WP_001043260.1
SAMN04122821	aac(3)-IId	aac(3)-IId	AMR	AMR	AMINOGLYCOSIDE	GENTAMICIN	100	100	WP_000557454.1
SAMN04122821	mph(A)	mph(A)	AMR	AMR	MACROLIDE	AZITHROMYCIN/ERYTHROMYCIN/SPIRAMYCIN/TELITHROMYCIN	100	100	WP_000219391.1
SAMN04122821	aadA2	aadA2	AMR	AMR	AMINOGLYCOSIDE	STREPTOMYCIN	100	100	WP_001206356.1
SAMN04122821	dfrA12	dfrA12	AMR	AMR	TRIMETHOPRIM	TRIMETHOPRIM	100	100	WP_001083725.1
SAMN04122821	sul1	sul1	AMR	AMR	SULFONAMIDE	SULFONAMIDE	100	100	WP_000259031.1
SAMN04122821	dfrA17	dfrA17	AMR	AMR	TRIMETHOPRIM	TRIMETHOPRIM	100	100	WP_001389366.1
SAMN04122821	aadA5	aadA5	AMR	AMR	AMINOGLYCOSIDE	STREPTOMYCIN	100	100	WP_000503573.1
SAMN04122821	blaTEM-1	blaTEM-1	AMR	AMR	BETA-LACTAM	BETA-LACTAM	100	100	WP_000027057.1
SAMN04279648	gyrA_D87N	gyrA	AMR	POINT	QUINOLONE	QUINOLONE	99.66	98.86	WP_001281243.1
SAMN04279648	gyrA_S83L	gyrA	AMR	POINT	QUINOLONE	QUINOLONE	99.66	98.86	WP_001281243.1
SAMN04279648	glpT_E448K	glpT	AMR	POINT	FOSFOMYCIN	FOSFOMYCIN	100	99.78	WP_000948731.1
SAMN04279648	ptsI_V25I	ptsI	AMR	POINT	FOSFOMYCIN	FOSFOMYCIN	100	99.65	WP_000623140.1
SAMN04279648	acrF	acrF	AMR	AMR	EFFLUX	EFFLUX	100	99.52	AAC76298.1
SAMN04279648	parE_I529L	parE	AMR	POINT	QUINOLONE	QUINOLONE	100	99.52	WP_033554192.1
SAMN04279648	parC_E84V	parC	AMR	POINT	QUINOLONE	QUINOLONE	100	99.2	WP_001281881.1
SAMN04279648	parC_S80I	parC	AMR	POINT	QUINOLONE	QUINOLONE	100	99.2	WP_001281881.1
SAMN04279648	blaEC	blaEC	AMR	AMR	BETA-LACTAM	BETA-LACTAM	100	98.94	AAZ85965.1
SAMN04279648	uhpT_E350Q	uhpT	AMR	POINT	FOSFOMYCIN	FOSFOMYCIN	100	99.78	WP_000879194.1
SAMN04279648	emrD	emrD	AMR	AMR	EFFLUX	EFFLUX	100	98.99	EFF04178.1
SAMN04279648	pmrB_E123D	pmrB	AMR	POINT	COLISTIN	COLISTIN	100	98.9	WP_001300761.1
SAMN04279648	blaCTX-M-14	blaCTX-M-14	AMR	AMR	BETA-LACTAM	CEPHALOSPORIN	100	100	WP_001617865.1
SAMN04279648	mdtM	mdtM	AMR	AMR	EFFLUX	EFFLUX	99.76	97.31	AAC77293.1
SAMN04279649	ptsI_V25I	ptsI	AMR	POINT	FOSFOMYCIN	FOSFOMYCIN	100	99.65	WP_000623140.1
SAMN04279649	glpT_E448K	glpT	AMR	POINT	FOSFOMYCIN	FOSFOMYCIN	100	99.78	WP_000948731.1
SAMN04279649	gyrA_D87N	gyrA	AMR	POINT	QUINOLONE	QUINOLONE	99.66	98.86	WP_001281243.1
SAMN04279649	gyrA_S83L	gyrA	AMR	POINT	QUINOLONE	QUINOLONE	99.66	98.86	WP_001281243.1
SAMN04279649	mdtM	mdtM	AMR	AMR	EFFLUX	EFFLUX	99.76	97.31	AAC77293.1
SAMN04279649	uhpT_E350Q	uhpT	AMR	POINT	FOSFOMYCIN	FOSFOMYCIN	100	99.78	WP_000879194.1
SAMN04279649	emrD	emrD	AMR	AMR	EFFLUX	EFFLUX	100	98.99	EFF04178.1
SAMN04279649	parE_I529L	parE	AMR	POINT	QUINOLONE	QUINOLONE	100	99.52	WP_033554192.1
SAMN04279649	parC_E84V	parC	AMR	POINT	QUINOLONE	QUINOLONE	100	99.2	WP_001281881.1
SAMN04279649	parC_S80I	parC	AMR	POINT	QUINOLONE	QUINOLONE	100	99.2	WP_001281881.1
SAMN04279649	blaCTX-M-15	blaCTX-M-15	AMR	AMR	BETA-LACTAM	CEPHALOSPORIN	100	100	WP_000239590.1
SAMN04279649	pmrB_E123D	pmrB	AMR	POINT	COLISTIN	COLISTIN	100	98.9	WP_001300761.1
SAMN04279649	blaEC	blaEC	AMR	AMR	BETA-LACTAM	BETA-LACTAM	100	98.94	AAZ85965.1
SAMN04279649	acrF	acrF	AMR	AMR	EFFLUX	EFFLUX	100	99.52	AAC76298.1
SAMN04279649	blaTEM-1	blaTEM-1	AMR	AMR	BETA-LACTAM	BETA-LACTAM	100	100	WP_000027057.1
SAMN04339728	glpT_E448K	glpT	AMR	POINT	FOSFOMYCIN	FOSFOMYCIN	100	99.78	WP_000948731.1
SAMN04339728	gyrA_S83L	gyrA	AMR	POINT	QUINOLONE	QUINOLONE	99.66	98.97	WP_001281243.1
SAMN04339728	acrF	acrF	AMR	AMR	EFFLUX	EFFLUX	100	99.52	AAC76298.1
SAMN04339728	parC_S80R	parC	AMR	POINT	QUINOLONE	QUINOLONE	100	99.47	WP_001281881.1
SAMN04339728	parE_I529L	parE	AMR	POINT	QUINOLONE	QUINOLONE	100	99.52	WP_033554192.1
SAMN04339728	blaEC	blaEC	AMR	AMR	BETA-LACTAM	BETA-LACTAM	100	98.94	AAZ85965.1
SAMN04339728	ptsI_V25I	ptsI	AMR	POINT	FOSFOMYCIN	FOSFOMYCIN	100	99.65	WP_000623140.1
SAMN04339728	blaCTX-M-15	blaCTX-M-15	AMR	AMR	BETA-LACTAM	CEPHALOSPORIN	100	100	WP_000239590.1
SAMN04339728	uhpT_E350Q	uhpT	AMR	POINT	FOSFOMYCIN	FOSFOMYCIN	100	99.78	WP_000879194.1
SAMN04339728	emrD	emrD	AMR	AMR	EFFLUX	EFFLUX	100	98.99	EFF04178.1
SAMN04339728	pmrB_E123D	pmrB	AMR	POINT	COLISTIN	COLISTIN	100	98.9	WP_001300761.1
SAMN04339728	sul2	sul2	AMR	AMR	SULFONAMIDE	SULFONAMIDE	100	100	WP_001043260.1
SAMN04339728	aph(3'')-Ib	aph(3'')-Ib	AMR	AMR	AMINOGLYCOSIDE	STREPTOMYCIN	100	100	WP_001082319.1
SAMN04339728	aph(6)-Id	aph(6)-Id	AMR	AMR	AMINOGLYCOSIDE	STREPTOMYCIN	100	100	WP_000480972.1
SAMN04339728	tet(A)	tet(A)	AMR	AMR	TETRACYCLINE	TETRACYCLINE	100	100	WP_000804064.1
SAMN04339728	aac(3)-IId	aac(3)-IId	AMR	AMR	AMINOGLYCOSIDE	GENTAMICIN	100	100	WP_000557454.1
SAMN04339728	mph(A)	mph(A)	AMR	AMR	MACROLIDE	AZITHROMYCIN/ERYTHROMYCIN/SPIRAMYCIN/TELITHROMYCIN	100	100	WP_000219391.1
SAMN04339728	tet(B)	tet(B)	AMR	AMR	TETRACYCLINE	TETRACYCLINE	100	100	WP_001089068.1
SAMN04339728	aadA2	aadA2	AMR	AMR	AMINOGLYCOSIDE	STREPTOMYCIN	100	100	WP_001206356.1
SAMN04339728	dfrA12	dfrA12	AMR	AMR	TRIMETHOPRIM	TRIMETHOPRIM	100	100	WP_001083725.1
SAMN04339728	sul1	sul1	AMR	AMR	SULFONAMIDE	SULFONAMIDE	100	100	WP_000259031.1
SAMN04339728	aadA5	aadA5	AMR	AMR	AMINOGLYCOSIDE	STREPTOMYCIN	100	100	WP_000503573.1
SAMN04339728	dfrA17	dfrA17	AMR	AMR	TRIMETHOPRIM	TRIMETHOPRIM	100	100	WP_001389366.1
SAMN04339728	blaTEM-1	blaTEM-1	AMR	AMR	BETA-LACTAM	BETA-LACTAM	100	100	WP_000027057.1
SAMN04393387	parC_S80I	parC	AMR	POINT	QUINOLONE	QUINOLONE	100	99.87	WP_001281881.1
SAMN04393387	parE_S458A	parE	AMR	POINT	QUINOLONE	QUINOLONE	100	99.68	WP_033554192.1
SAMN04393387	acrF	acrF	AMR	AMR	EFFLUX	EFFLUX	100	99.42	AAC76298.1
SAMN04393387	glpT_E448K	glpT	AMR	POINT	FOSFOMYCIN	FOSFOMYCIN	100	99.12	WP_000948731.1
SAMN04393387	gyrA_D87N	gyrA	AMR	POINT	QUINOLONE	QUINOLONE	99.66	98.86	WP_001281243.1
SAMN04393387	gyrA_S83L	gyrA	AMR	POINT	QUINOLONE	QUINOLONE	99.66	98.86	WP_001281243.1
SAMN04393387	emrD	emrD	AMR	AMR	EFFLUX	EFFLUX	100	99.75	EFF04178.1
SAMN04393387	blaEC	blaEC	AMR	AMR	BETA-LACTAM	BETA-LACTAM	100	98.14	AAZ85968.1
SAMN04393387	cyaA_S352T	cyaA	AMR	POINT	FOSMIDOMYCIN	FOSMIDOMYCIN	100	99.29	WP_000281668.1
SAMN04393387	blaCTX-M-15	blaCTX-M-15	AMR	AMR	BETA-LACTAM	CEPHALOSPORIN	100	100	WP_000239590.1
SAMN04393387	mph(A)	mph(A)	AMR	AMR	MACROLIDE	AZITHROMYCIN/ERYTHROMYCIN/SPIRAMYCIN/TELITHROMYCIN	100	100	WP_000219391.1
SAMN04393387	sul1	sul1	AMR	AMR	SULFONAMIDE	SULFONAMIDE	100	100	WP_000259031.1
SAMN04393387	aadA5	aadA5	AMR	AMR	AMINOGLYCOSIDE	STREPTOMYCIN	100	100	WP_000503573.1
SAMN04393387	dfrA17	dfrA17	AMR	AMR	TRIMETHOPRIM	TRIMETHOPRIM	100	100	WP_001389366.1
SAMN04393387	sul2	sul2	AMR	AMR	SULFONAMIDE	SULFONAMIDE	100	100	WP_001043260.1
SAMN04393387	aph(3'')-Ib	aph(3'')-Ib	AMR	AMR	AMINOGLYCOSIDE	STREPTOMYCIN	100	100	WP_001082319.1
SAMN04393387	aph(6)-Id	aph(6)-Id	AMR	AMR	AMINOGLYCOSIDE	STREPTOMYCIN	100	100	WP_000480972.1
SAMN04393387	tet(A)	tet(A)	AMR	AMR	TETRACYCLINE	TETRACYCLINE	100	100	WP_000804064.1
SAMN04455486	mdtM	mdtM	AMR	AMR	EFFLUX	EFFLUX	100	98.05	AAC77293.1
SAMN04455486	blaEC	blaEC	AMR	AMR	BETA-LACTAM	BETA-LACTAM	100	98.14	WP_063610930.1
SAMN04455486	pmrB_Y358N	pmrB	AMR	POINT	COLISTIN	COLISTIN	100	99.17	WP_001300761.1
SAMN04455486	glpT_E448K	glpT	AMR	POINT	FOSFOMYCIN	FOSFOMYCIN	100	99.12	WP_000948731.1
SAMN04455486	emrD	emrD	AMR	AMR	EFFLUX	EFFLUX	100	99.49	EFF04178.1
SAMN04455486	acrF	acrF	AMR	AMR	EFFLUX	EFFLUX	100	97.52	AAC76298.1
SAMN04455487	glpT_E448K	glpT	AMR	POINT	FOSFOMYCIN	FOSFOMYCIN	100	99.56	WP_000948731.1
SAMN04455487	mdtM	mdtM	AMR	AMR	EFFLUX	EFFLUX	99.76	97.56	AAC77293.1
SAMN04455487	blaEC	blaEC	AMR	AMR	BETA-LACTAM	BETA-LACTAM	100	98.67	WP_063610930.1
SAMN04455487	pmrB_Y358N	pmrB	AMR	POINT	COLISTIN	COLISTIN	100	99.72	WP_001300761.1
SAMN04455487	acrF	acrF	AMR	AMR	EFFLUX	EFFLUX	100	99.52	AAC76298.1
SAMN04455488	glpT_E448K	glpT	AMR	POINT	FOSFOMYCIN	FOSFOMYCIN	100	99.78	WP_000948731.1
SAMN04455488	acrF	acrF	AMR	AMR	EFFLUX	EFFLUX	100	99.52	AAC76298.1
SAMN04455488	pmrB_Y358N	pmrB	AMR	POINT	COLISTIN	COLISTIN	100	99.45	WP_001300761.1
SAMN04455488	blaEC	blaEC	AMR	AMR	BETA-LACTAM	BETA-LACTAM	100	98.67	WP_063610930.1
SAMN04455488	mdtM	mdtM	AMR	AMR	EFFLUX	EFFLUX	99.76	98.04	AAC77293.1
SAMN04495823	glpT_E448K	glpT	AMR	POINT	FOSFOMYCIN	FOSFOMYCIN	100	99.56	WP_000948731.1
SAMN04495823	acrF	acrF	AMR	AMR	EFFLUX	EFFLUX	100	99.61	AAC76298.1
SAMN04495823	blaEC	blaEC	AMR	AMR	BETA-LACTAM	BETA-LACTAM	100	98.67	WP_063610930.1
SAMN04495823	mdtM	mdtM	AMR	AMR	EFFLUX	EFFLUX	99.76	97.56	AAC77293.1
SAMN04495823	pmrB_Y358N	pmrB	AMR	POINT	COLISTIN	COLISTIN	100	99.72	WP_001300761.1
SAMN04495824	glpT_E448K	glpT	AMR	POINT	FOSFOMYCIN	FOSFOMYCIN	100	99.78	WP_000948731.1
SAMN04495824	pmrB_Y358N	pmrB	AMR	POINT	COLISTIN	COLISTIN	100	99.45	WP_001300761.1
SAMN04495824	blaEC	blaEC	AMR	AMR	BETA-LACTAM	BETA-LACTAM	100	98.67	WP_063610930.1
SAMN04495824	mdtM	mdtM	AMR	AMR	EFFLUX	EFFLUX	99.76	98.04	AAC77293.1
SAMN04514654	mdtM	mdtM	AMR	AMR	EFFLUX	EFFLUX	99.76	98.04	AAC77293.1
SAMN04514654	glpT_E448K	glpT	AMR	POINT	FOSFOMYCIN	FOSFOMYCIN	100	99.78	WP_000948731.1
SAMN04514654	acrF	acrF	AMR	AMR	EFFLUX	EFFLUX	100	99.61	AAC76298.1
SAMN04514654	pmrB_Y358N	pmrB	AMR	POINT	COLISTIN	COLISTIN	100	99.45	WP_001300761.1
SAMN04514654	blaEC	blaEC	AMR	AMR	BETA-LACTAM	BETA-LACTAM	100	98.67	WP_063610930.1
SAMN04521101	glpT_E448K	glpT	AMR	POINT	FOSFOMYCIN	FOSFOMYCIN	100	99.56	WP_000948731.1
SAMN04521101	mdtM	mdtM	AMR	AMR	EFFLUX	EFFLUX	99.76	97.56	AAC77293.1
SAMN04521101	blaEC	blaEC	AMR	AMR	BETA-LACTAM	BETA-LACTAM	100	98.67	WP_063610930.1
SAMN04521101	pmrB_Y358N	pmrB	AMR	POINT	COLISTIN	COLISTIN	100	99.72	WP_001300761.1
SAMN04521101	acrF	acrF	AMR	AMR	EFFLUX	EFFLUX	100	99.61	AAC76298.1
SAMN04521102	mdtM	mdtM	AMR	AMR	EFFLUX	EFFLUX	100	98.05	AAC77293.1
SAMN04521102	pmrB_Y358N	pmrB	AMR	POINT	COLISTIN	COLISTIN	100	99.17	WP_001300761.1
SAMN04521102	blaEC	blaEC	AMR	AMR	BETA-LACTAM	BETA-LACTAM	100	98.14	WP_063610930.1
SAMN04521102	glpT_E448K	glpT	AMR	POINT	FOSFOMYCIN	FOSFOMYCIN	100	99.12	WP_000948731.1
SAMN04521102	acrF	acrF	AMR	AMR	EFFLUX	EFFLUX	100	97.52	AAC76298.1
SAMN04521102	emrD	emrD	AMR	AMR	EFFLUX	EFFLUX	100	99.49	EFF04178.1
SAMN04521103	glpT_E448K	glpT	AMR	POINT	FOSFOMYCIN	FOSFOMYCIN	100	99.56	WP_000948731.1
SAMN04521103	mdtM	mdtM	AMR	AMR	EFFLUX	EFFLUX	99.76	97.56	AAC77293.1
SAMN04521103	blaEC	blaEC	AMR	AMR	BETA-LACTAM	BETA-LACTAM	100	98.67	WP_063610930.1
SAMN04521103	acrF	acrF	AMR	AMR	EFFLUX	EFFLUX	100	99.61	AAC76298.1
SAMN04521103	pmrB_Y358N	pmrB	AMR	POINT	COLISTIN	COLISTIN	100	99.72	WP_001300761.1
SAMN04526076	mdtM	mdtM	AMR	AMR	EFFLUX	EFFLUX	100	98.05	AAC77293.1
SAMN04526076	blaEC	blaEC	AMR	AMR	BETA-LACTAM	BETA-LACTAM	100	98.14	WP_063610930.1
SAMN04526076	pmrB_Y358N	pmrB	AMR	POINT	COLISTIN	COLISTIN	100	99.17	WP_001300761.1
SAMN04526076	acrF	acrF	AMR	AMR	EFFLUX	EFFLUX	100	97.52	AAC76298.1
SAMN04526076	glpT_E448K	glpT	AMR	POINT	FOSFOMYCIN	FOSFOMYCIN	100	99.12	WP_000948731.1
SAMN04526076	emrD	emrD	AMR	AMR	EFFLUX	EFFLUX	100	99.49	EFF04178.1
SAMN04526077	glpT_E448K	glpT	AMR	POINT	FOSFOMYCIN	FOSFOMYCIN	100	99.56	WP_000948731.1
SAMN04526077	blaEC	blaEC	AMR	AMR	BETA-LACTAM	BETA-LACTAM	100	98.67	WP_063610930.1
SAMN04526077	mdtM	mdtM	AMR	AMR	EFFLUX	EFFLUX	99.76	97.56	AAC77293.1
SAMN04526077	pmrB_Y358N	pmrB	AMR	POINT	COLISTIN	COLISTIN	100	99.72	WP_001300761.1
SAMN04526077	acrF	acrF	AMR	AMR	EFFLUX	EFFLUX	100	99.61	AAC76298.1
SAMN04528908	mdtM	mdtM	AMR	AMR	EFFLUX	EFFLUX	99.76	97.56	AAC77293.1
SAMN04528908	blaEC	blaEC	AMR	AMR	BETA-LACTAM	BETA-LACTAM	100	98.67	WP_063610930.1
SAMN04528908	glpT_E448K	glpT	AMR	POINT	FOSFOMYCIN	FOSFOMYCIN	100	99.56	WP_000948731.1
SAMN04528908	acrF	acrF	AMR	AMR	EFFLUX	EFFLUX	100	99.61	AAC76298.1
SAMN04528908	pmrB_Y358N	pmrB	AMR	POINT	COLISTIN	COLISTIN	100	99.72	WP_001300761.1
SAMN04528908	lnu(G)	lnu(G)	AMR	AMR	LINCOSAMIDE	LINCOSAMIDE	100	100	WP_002333496.1
SAMN04528908	aph(3')-Ia	aph(3')-Ia	AMR	AMR	AMINOGLYCOSIDE	KANAMYCIN	100	100	WP_000018329.1
SAMN04528908	mph(A)	mph(A)	AMR	AMR	MACROLIDE	AZITHROMYCIN/ERYTHROMYCIN/SPIRAMYCIN/TELITHROMYCIN	100	100	WP_000219391.1
SAMN04528908	sul1	sul1	AMR	AMR	SULFONAMIDE	SULFONAMIDE	100	100	WP_000259031.1
SAMN04528908	aadA2	aadA2	AMR	AMR	AMINOGLYCOSIDE	STREPTOMYCIN	100	100	WP_001206356.1
SAMN04528908	dfrA12	dfrA12	AMR	AMR	TRIMETHOPRIM	TRIMETHOPRIM	100	100	WP_001083725.1
SAMN04528908	tet(A)	tet(A)	AMR	AMR	TETRACYCLINE	TETRACYCLINE	100	99.75	WP_000804064.1
SAMN04563576	acrF	acrF	AMR	AMR	EFFLUX	EFFLUX	100	99.61	AAC76298.1
SAMN04563576	mdtM	mdtM	AMR	AMR	EFFLUX	EFFLUX	99.76	98.04	AAC77293.1
SAMN04563576	pmrB_Y358N	pmrB	AMR	POINT	COLISTIN	COLISTIN	100	99.45	WP_001300761.1
SAMN04563576	glpT_E448K	glpT	AMR	POINT	FOSFOMYCIN	FOSFOMYCIN	100	99.78	WP_000948731.1
SAMN04563576	blaEC	blaEC	AMR	AMR	BETA-LACTAM	BETA-LACTAM	100	98.67	WP_063610930.1
SAMN04568567	glpT_E448K	glpT	AMR	POINT	FOSFOMYCIN	FOSFOMYCIN	100	99.12	WP_000948731.1
SAMN04568567	mdtM	mdtM	AMR	AMR	EFFLUX	EFFLUX	100	98.05	AAC77293.1
SAMN04568567	blaEC	blaEC	AMR	AMR	BETA-LACTAM	BETA-LACTAM	100	98.14	WP_063610930.1
SAMN04568567	pmrB_Y358N	pmrB	AMR	POINT	COLISTIN	COLISTIN	100	99.17	WP_001300761.1
SAMN04568567	acrF	acrF	AMR	AMR	EFFLUX	EFFLUX	100	97.52	AAC76298.1
SAMN04568567	emrD	emrD	AMR	AMR	EFFLUX	EFFLUX	100	99.49	EFF04178.1
SAMN04568568	glpT_E448K	glpT	AMR	POINT	FOSFOMYCIN	FOSFOMYCIN	100	99.12	WP_000948731.1
SAMN04568568	mdtM	mdtM	AMR	AMR	EFFLUX	EFFLUX	100	98.05	AAC77293.1
SAMN04568568	blaEC	blaEC	AMR	AMR	BETA-LACTAM	BETA-LACTAM	100	98.14	WP_063610930.1
SAMN04568568	pmrB_Y358N	pmrB	AMR	POINT	COLISTIN	COLISTIN	100	99.17	WP_001300761.1
SAMN04568568	emrD	emrD	AMR	AMR	EFFLUX	EFFLUX	100	99.49	EFF04178.1
SAMN04568568	acrF	acrF	AMR	AMR	EFFLUX	EFFLUX	100	97.52	AAC76298.1
SAMN04568569	mdtM	mdtM	AMR	AMR	EFFLUX	EFFLUX	100	98.05	AAC77293.1
SAMN04568569	pmrB_Y358N	pmrB	AMR	POINT	COLISTIN	COLISTIN	100	99.17	WP_001300761.1
SAMN04568569	blaEC	blaEC	AMR	AMR	BETA-LACTAM	BETA-LACTAM	100	98.14	WP_063610930.1
SAMN04568569	acrF	acrF	AMR	AMR	EFFLUX	EFFLUX	100	97.43	AAC76298.1
SAMN04568569	glpT_E448K	glpT	AMR	POINT	FOSFOMYCIN	FOSFOMYCIN	100	99.12	WP_000948731.1
SAMN04568569	emrD	emrD	AMR	AMR	EFFLUX	EFFLUX	100	99.49	EFF04178.1
SAMN04568570	mdtM	mdtM	AMR	AMR	EFFLUX	EFFLUX	100	98.05	AAC77293.1
SAMN04568570	acrF	acrF	AMR	AMR	EFFLUX	EFFLUX	100	97.43	AAC76298.1
SAMN04568570	pmrB_Y358N	pmrB	AMR	POINT	COLISTIN	COLISTIN	100	99.17	WP_001300761.1
SAMN04568570	blaEC	blaEC	AMR	AMR	BETA-LACTAM	BETA-LACTAM	100	98.14	WP_063610930.1
SAMN04568570	glpT_E448K	glpT	AMR	POINT	FOSFOMYCIN	FOSFOMYCIN	100	99.12	WP_000948731.1
SAMN04568570	emrD	emrD	AMR	AMR	EFFLUX	EFFLUX	100	99.49	EFF04178.1
SAMN04571741	glpT_E448K	glpT	AMR	POINT	FOSFOMYCIN	FOSFOMYCIN	100	99.78	WP_000948731.1
SAMN04571741	blaCTX-M-15	blaCTX-M-15	AMR	AMR	BETA-LACTAM	CEPHALOSPORIN	100	100	WP_000239590.1
SAMN04571741	parC_S80I	parC	AMR	POINT	QUINOLONE	QUINOLONE	100	99.87	WP_001281881.1
SAMN04571741	parE_S458A	parE	AMR	POINT	QUINOLONE	QUINOLONE	100	99.68	WP_033554192.1
SAMN04571741	blaEC	blaEC	AMR	AMR	BETA-LACTAM	BETA-LACTAM	100	98.41	WP_063610930.1
SAMN04571741	pmrB_Y358N	pmrB	AMR	POINT	COLISTIN	COLISTIN	100	99.45	WP_001300761.1
SAMN04571741	acrF	acrF	AMR	AMR	EFFLUX	EFFLUX	100	99.61	AAC76298.1
SAMN04571741	mdtM	mdtM	AMR	AMR	EFFLUX	EFFLUX	99.76	98.04	AAC77293.1
SAMN04571741	gyrA_D87N	gyrA	AMR	POINT	QUINOLONE	QUINOLONE	99.66	98.97	WP_001281243.1
SAMN04571741	gyrA_S83L	gyrA	AMR	POINT	QUINOLONE	QUINOLONE	99.66	98.97	WP_001281243.1
SAMN04571741	mph(A)	mph(A)	AMR	AMR	MACROLIDE	AZITHROMYCIN/ERYTHROMYCIN/SPIRAMYCIN/TELITHROMYCIN	100	100	WP_000219391.1
SAMN04571741	dfrA14	dfrA14	AMR	AMR	TRIMETHOPRIM	TRIMETHOPRIM	100	100	WP_004201280.1
SAMN04571741	catA1	catA1	AMR	AMR	PHENICOL	CHLORAMPHENICOL	100	100	WP_000412211.1
SAMN04571741	aph(6)-Id	aph(6)-Id	AMR	AMR	AMINOGLYCOSIDE	STREPTOMYCIN	100	100	WP_000480968.1
SAMN04571741	aph(3'')-Ib	aph(3'')-Ib	AMR	AMR	AMINOGLYCOSIDE	STREPTOMYCIN	100	100	WP_001082319.1
SAMN04571741	sul2	sul2	AMR	AMR	SULFONAMIDE	SULFONAMIDE	100	100	WP_001043265.1
SAMN04571741	tet(B)	tet(B)	AMR	AMR	TETRACYCLINE	TETRACYCLINE	100	100	WP_001089068.1
SAMN04571741	aac(3)-IIe	aac(3)-IIe	AMR	AMR	AMINOGLYCOSIDE	GENTAMICIN	100	100	WP_000557452.1
SAMN04571741	catB3	catB3	AMR	AMR	PHENICOL	CHLORAMPHENICOL	70	100	WP_000186237.1
SAMN04571741	blaOXA-1	blaOXA-1	AMR	AMR	BETA-LACTAM	CEPHALOSPORIN	100	100	WP_001334766.1
SAMN04571741	aac(6')-Ib-cr5	aac(6')-Ib-cr5	AMR	AMR	AMINOGLYCOSIDE/QUINOLONE	AMIKACIN/KANAMYCIN/QUINOLONE/TOBRAMYCIN	100	100	WP_063840321.1
SAMN04571741	blaTEMp_C32T	NA	AMR	POINT	BETA-LACTAM	AMOXICILLIN-CLAVULANIC_ACID/PIPERACILLIN-TAZOBACTAM/TICARCILLIN-CLAVULANIC_ACID	100	99.57	NZ_CP095603.1:148777-149952
SAMN04571741	blaTEM-1	blaTEM-1	AMR	AMR	BETA-LACTAM	BETA-LACTAM	100	100	WP_000027057.1
SAMN04571741	aph(3')-Ia	aph(3')-Ia	AMR	AMR	AMINOGLYCOSIDE	KANAMYCIN	100	100	WP_000018329.1
SAMN04571742	gyrA_D87N	gyrA	AMR	POINT	QUINOLONE	QUINOLONE	99.66	98.74	WP_001281243.1
SAMN04571742	gyrA_S83L	gyrA	AMR	POINT	QUINOLONE	QUINOLONE	99.66	98.74	WP_001281243.1
SAMN04571742	uhpT_E350Q	uhpT	AMR	POINT	FOSFOMYCIN	FOSFOMYCIN	100	99.78	WP_000879194.1
SAMN04571742	emrD	emrD	AMR	AMR	EFFLUX	EFFLUX	100	99.24	EFF04178.1
SAMN04571742	pmrB_E123D	pmrB	AMR	POINT	COLISTIN	COLISTIN	100	98.9	WP_001300761.1
SAMN04571742	parE_L416F	parE	AMR	POINT	QUINOLONE	QUINOLONE	100	99.52	WP_033554192.1
SAMN04571742	parC_S80I	parC	AMR	POINT	QUINOLONE	QUINOLONE	100	99.87	WP_001281881.1
SAMN04571742	blaEC-5	blaEC-5	AMR	AMR	BETA-LACTAM	CEPHALOSPORIN	100	100	AAZ85965.1
SAMN04571742	acrF	acrF	AMR	AMR	EFFLUX	EFFLUX	100	99.42	AAC76298.1
SAMN04571742	marR_S3N	marR	AMR	POINT	MULTIDRUG	AMPICILLIN/CHLORAMPHENICOL/QUINOLONE/RIFAMPIN/TETRACYCLINE	100	97.92	WP_000843414.1
SAMN04571742	qnrS1	qnrS1	AMR	AMR	QUINOLONE	QUINOLONE	100	100	WP_001516695.1
SAMN04571742	blaCTX-M-15	blaCTX-M-15	AMR	AMR	BETA-LACTAM	CEPHALOSPORIN	100	100	WP_000239590.1
SAMN04571742	dfrA14	dfrA14	AMR	AMR	TRIMETHOPRIM	TRIMETHOPRIM	100	100	WP_004201280.1
SAMN04571742	mph(A)	mph(A)	AMR	AMR	MACROLIDE	AZITHROMYCIN/ERYTHROMYCIN/SPIRAMYCIN/TELITHROMYCIN	100	100	WP_000219391.1
SAMN04571743	glpT_E448K	glpT	AMR	POINT	FOSFOMYCIN	FOSFOMYCIN	100	99.56	WP_000948731.1
SAMN04571743	gyrA_D87N	gyrA	AMR	POINT	QUINOLONE	QUINOLONE	99.66	98.97	WP_001281243.1
SAMN04571743	gyrA_S83L	gyrA	AMR	POINT	QUINOLONE	QUINOLONE	99.66	98.97	WP_001281243.1
SAMN04571743	parE_S458T	parE	AMR	POINT	QUINOLONE	QUINOLONE	100	99.68	WP_033554192.1
SAMN04571743	parC_S80I	parC	AMR	POINT	QUINOLONE	QUINOLONE	100	99.73	WP_001281881.1
SAMN04571743	acrF	acrF	AMR	AMR	EFFLUX	EFFLUX	100	100	AAC76298.1
SAMN04571743	soxR_R20H	soxR	AMR	POINT	MULTIDRUG	AMPICILLIN/CHLORAMPHENICOL/QUINOLONE/RIFAMPIN/TETRACYCLINE	100	99.35	WP_000412428.1
SAMN04571743	mdtM	mdtM	AMR	AMR	EFFLUX	EFFLUX	98.29	97.27	AAC77293.1
SAMN04571743	blaEC	blaEC	AMR	AMR	BETA-LACTAM	BETA-LACTAM	100	100	AAC77110.1
SAMN04571743	blaCTX-M-15	blaCTX-M-15	AMR	AMR	BETA-LACTAM	CEPHALOSPORIN	100	100	WP_000239590.1
SAMN04571743	qnrS1	qnrS1	AMR	AMR	QUINOLONE	QUINOLONE	100	100	WP_001516695.1
SAMN04571743	dfrA17	dfrA17	AMR	AMR	TRIMETHOPRIM	TRIMETHOPRIM	100	100	WP_001389366.1
SAMN04571743	aadA5	aadA5	AMR	AMR	AMINOGLYCOSIDE	STREPTOMYCIN	100	100	WP_000503573.1
SAMN04571743	sul1	sul1	AMR	AMR	SULFONAMIDE	SULFONAMIDE	100	100	WP_000259031.1
SAMN04571743	aph(6)-Id	aph(6)-Id	AMR	AMR	AMINOGLYCOSIDE	STREPTOMYCIN	76.62	100	WP_000480968.1
SAMN04571743	mph(A)	mph(A)	AMR	AMR	MACROLIDE	AZITHROMYCIN/ERYTHROMYCIN/SPIRAMYCIN/TELITHROMYCIN	100	100	WP_000219391.1
SAMN04571743	blaTEM-1	blaTEM-1	AMR	AMR	BETA-LACTAM	BETA-LACTAM	100	100	WP_000027057.1
SAMN04571743	aac(3)-IIe	aac(3)-IIe	AMR	AMR	AMINOGLYCOSIDE	GENTAMICIN	100	100	WP_000557452.1
SAMN04571743	catB3	catB3	AMR	AMR	PHENICOL	CHLORAMPHENICOL	70	100	WP_000186237.1
SAMN04571743	blaOXA-1	blaOXA-1	AMR	AMR	BETA-LACTAM	CEPHALOSPORIN	100	100	WP_001334766.1
SAMN04571743	aac(6')-Ib-cr5	aac(6')-Ib-cr5	AMR	AMR	AMINOGLYCOSIDE/QUINOLONE	AMIKACIN/KANAMYCIN/QUINOLONE/TOBRAMYCIN	100	100	WP_063840321.1
SAMN04571743	aph(3'')-Ib	aph(3'')-Ib	AMR	AMR	AMINOGLYCOSIDE	STREPTOMYCIN	100	100	WP_001082319.1
SAMN04571743	sul2	sul2	AMR	AMR	SULFONAMIDE	SULFONAMIDE	100	100	WP_001043260.1
SAMN04571743	dfrA14	dfrA14	AMR	AMR	TRIMETHOPRIM	TRIMETHOPRIM	100	100	WP_004201280.1
SAMN04571743	aac(3)-IId	aac(3)-IId	AMR	AMR	AMINOGLYCOSIDE	GENTAMICIN	88.81	100	WP_000557454.1
SAMN04621601	mdtM	mdtM	AMR	AMR	EFFLUX	EFFLUX	100	98.05	AAC77293.1
SAMN04621601	acrF	acrF	AMR	AMR	EFFLUX	EFFLUX	100	97.43	AAC76298.1
SAMN04621601	pmrB_Y358N	pmrB	AMR	POINT	COLISTIN	COLISTIN	100	99.17	WP_001300761.1
SAMN04621601	blaEC	blaEC	AMR	AMR	BETA-LACTAM	BETA-LACTAM	100	98.14	WP_063610930.1
SAMN04621601	glpT_E448K	glpT	AMR	POINT	FOSFOMYCIN	FOSFOMYCIN	100	99.12	WP_000948731.1
SAMN04621601	emrD	emrD	AMR	AMR	EFFLUX	EFFLUX	100	99.49	EFF04178.1
SAMN04621602	glpT_E448K	glpT	AMR	POINT	FOSFOMYCIN	FOSFOMYCIN	100	99.34	WP_000948731.1
SAMN04621602	blaEC	blaEC	AMR	AMR	BETA-LACTAM	BETA-LACTAM	100	99.2	WP_063610930.1
SAMN04621602	mdtM	mdtM	AMR	AMR	EFFLUX	EFFLUX	99.76	98.04	AAC77293.1
SAMN04621602	acrF	acrF	AMR	AMR	EFFLUX	EFFLUX	100	99.61	AAC76298.1
SAMN04621602	pmrB_Y358N	pmrB	AMR	POINT	COLISTIN	COLISTIN	100	99.45	WP_001300761.1
SAMN04621603	mdtM	mdtM	AMR	AMR	EFFLUX	EFFLUX	100	98.05	AAC77293.1
SAMN04621603	blaEC	blaEC	AMR	AMR	BETA-LACTAM	BETA-LACTAM	100	98.14	WP_063610930.1
SAMN04621603	pmrB_Y358N	pmrB	AMR	POINT	COLISTIN	COLISTIN	100	99.17	WP_001300761.1
SAMN04621603	acrF	acrF	AMR	AMR	EFFLUX	EFFLUX	100	97.52	AAC76298.1
SAMN04621603	glpT_E448K	glpT	AMR	POINT	FOSFOMYCIN	FOSFOMYCIN	100	99.12	WP_000948731.1
SAMN04621603	emrD	emrD	AMR	AMR	EFFLUX	EFFLUX	100	99.49	EFF04178.1
SAMN04621604	mdtM	mdtM	AMR	AMR	EFFLUX	EFFLUX	100	98.05	AAC77293.1
SAMN04621604	pmrB_Y358N	pmrB	AMR	POINT	COLISTIN	COLISTIN	100	99.17	WP_001300761.1
SAMN04621604	blaEC	blaEC	AMR	AMR	BETA-LACTAM	BETA-LACTAM	100	98.14	WP_063610930.1
SAMN04621604	glpT_E448K	glpT	AMR	POINT	FOSFOMYCIN	FOSFOMYCIN	100	99.12	WP_000948731.1
SAMN04621604	acrF	acrF	AMR	AMR	EFFLUX	EFFLUX	100	97.52	AAC76298.1
SAMN04621604	emrD	emrD	AMR	AMR	EFFLUX	EFFLUX	100	99.49	EFF04178.1
SAMN04621604	sul2	sul2	AMR	AMR	SULFONAMIDE	SULFONAMIDE	100	100	WP_001043260.1
SAMN04621604	aph(3'')-Ib	aph(3'')-Ib	AMR	AMR	AMINOGLYCOSIDE	STREPTOMYCIN	100	100	WP_001082319.1
SAMN04621604	aph(6)-Id	aph(6)-Id	AMR	AMR	AMINOGLYCOSIDE	STREPTOMYCIN	100	100	WP_000480968.1
SAMN04621604	tet(A)	tet(A)	AMR	AMR	TETRACYCLINE	TETRACYCLINE	100	100	WP_000804063.1
SAMN04621604	floR	floR	AMR	AMR	PHENICOL	CHLORAMPHENICOL/FLORFENICOL	100	99.75	WP_000214123.1
SAMN04621605	glpT_E448K	glpT	AMR	POINT	FOSFOMYCIN	FOSFOMYCIN	100	99.12	WP_000948731.1
SAMN04621605	pmrB_Y358N	pmrB	AMR	POINT	COLISTIN	COLISTIN	100	99.17	WP_001300761.1
SAMN04621605	blaEC	blaEC	AMR	AMR	BETA-LACTAM	BETA-LACTAM	100	98.14	WP_063610930.1
SAMN04621605	emrD	emrD	AMR	AMR	EFFLUX	EFFLUX	100	99.49	EFF04178.1
SAMN04621605	mdtM	mdtM	AMR	AMR	EFFLUX	EFFLUX	100	98.05	AAC77293.1
SAMN04621605	acrF	acrF	AMR	AMR	EFFLUX	EFFLUX	100	97.52	AAC76298.1
SAMN04856230	mdtM	mdtM	AMR	AMR	EFFLUX	EFFLUX	99.76	98.04	AAC77293.1
SAMN04856230	pmrB_Y358N	pmrB	AMR	POINT	COLISTIN	COLISTIN	100	99.45	WP_001300761.1
SAMN04856230	glpT_E448K	glpT	AMR	POINT	FOSFOMYCIN	FOSFOMYCIN	100	99.78	WP_000948731.1
SAMN04856230	acrF	acrF	AMR	AMR	EFFLUX	EFFLUX	100	99.61	AAC76298.1
SAMN04856230	blaEC	blaEC	AMR	AMR	BETA-LACTAM	BETA-LACTAM	100	98.67	WP_063610930.1
SAMN04856231	glpT_E448K	glpT	AMR	POINT	FOSFOMYCIN	FOSFOMYCIN	100	99.56	WP_000948731.1
SAMN04856231	blaEC	blaEC	AMR	AMR	BETA-LACTAM	BETA-LACTAM	100	98.67	WP_063610930.1
SAMN04856231	mdtM	mdtM	AMR	AMR	EFFLUX	EFFLUX	99.76	97.56	AAC77293.1
SAMN04856231	pmrB_Y358N	pmrB	AMR	POINT	COLISTIN	COLISTIN	100	99.72	WP_001300761.1
SAMN04856231	acrF	acrF	AMR	AMR	EFFLUX	EFFLUX	100	99.52	AAC76298.1
SAMN04908468	glpT_E448K	glpT	AMR	POINT	FOSFOMYCIN	FOSFOMYCIN	100	99.56	WP_000948731.1
SAMN04908468	blaEC	blaEC	AMR	AMR	BETA-LACTAM	BETA-LACTAM	100	98.67	WP_063610930.1
SAMN04908468	mdtM	mdtM	AMR	AMR	EFFLUX	EFFLUX	99.76	97.56	AAC77293.1
SAMN04908468	pmrB_Y358N	pmrB	AMR	POINT	COLISTIN	COLISTIN	100	99.72	WP_001300761.1
SAMN04908468	acrF	acrF	AMR	AMR	EFFLUX	EFFLUX	100	99.61	AAC76298.1
SAMN04908471	pmrB_Y358N	pmrB	AMR	POINT	COLISTIN	COLISTIN	100	99.45	WP_001300761.1
SAMN04908471	mdtM	mdtM	AMR	AMR	EFFLUX	EFFLUX	99.76	98.04	AAC77293.1
SAMN04908471	glpT_E448K	glpT	AMR	POINT	FOSFOMYCIN	FOSFOMYCIN	100	99.78	WP_000948731.1
SAMN04908471	acrF	acrF	AMR	AMR	EFFLUX	EFFLUX	100	99.61	AAC76298.1
SAMN04908471	blaEC	blaEC	AMR	AMR	BETA-LACTAM	BETA-LACTAM	100	98.67	WP_063610930.1
SAMN04908471	floR	floR	AMR	AMR	PHENICOL	CHLORAMPHENICOL/FLORFENICOL	100	99.75	WP_000214123.1
SAMN04908471	tet(A)	tet(A)	AMR	AMR	TETRACYCLINE	TETRACYCLINE	100	100	WP_000804063.1
SAMN04908471	aph(6)-Id	aph(6)-Id	AMR	AMR	AMINOGLYCOSIDE	STREPTOMYCIN	100	100	WP_000480968.1
SAMN04908471	aph(3'')-Ib	aph(3'')-Ib	AMR	AMR	AMINOGLYCOSIDE	STREPTOMYCIN	100	100	WP_001082319.1
SAMN04908471	sul2	sul2	AMR	AMR	SULFONAMIDE	SULFONAMIDE	100	100	WP_001043265.1
SAMN04908472	mdtM	mdtM	AMR	AMR	EFFLUX	EFFLUX	99.76	97.56	AAC77293.1
SAMN04908472	blaEC	blaEC	AMR	AMR	BETA-LACTAM	BETA-LACTAM	100	98.67	WP_063610930.1
SAMN04908472	glpT_E448K	glpT	AMR	POINT	FOSFOMYCIN	FOSFOMYCIN	100	99.56	WP_000948731.1
SAMN04908472	acrF	acrF	AMR	AMR	EFFLUX	EFFLUX	100	99.61	AAC76298.1
SAMN04908472	pmrB_Y358N	pmrB	AMR	POINT	COLISTIN	COLISTIN	100	99.72	WP_001300761.1
SAMN04925767	acrF	acrF	AMR	AMR	EFFLUX	EFFLUX	100	99.61	AAC76298.1
SAMN04925767	glpT_E448K	glpT	AMR	POINT	FOSFOMYCIN	FOSFOMYCIN	100	99.56	WP_000948731.1
SAMN04925767	mdtM	mdtM	AMR	AMR	EFFLUX	EFFLUX	99.76	97.56	AAC77293.1
SAMN04925767	blaEC	blaEC	AMR	AMR	BETA-LACTAM	BETA-LACTAM	100	98.67	WP_063610930.1
SAMN04925767	pmrB_Y358N	pmrB	AMR	POINT	COLISTIN	COLISTIN	100	99.72	WP_001300761.1
SAMN07988997	mdtM	mdtM	AMR	AMR	EFFLUX	EFFLUX	99.76	98.04	AAC77293.1
SAMN07988997	gyrA_D87N	gyrA	AMR	POINT	QUINOLONE	QUINOLONE	99.66	98.97	WP_001281243.1
SAMN07988997	gyrA_S83L	gyrA	AMR	POINT	QUINOLONE	QUINOLONE	99.66	98.97	WP_001281243.1
SAMN07988997	glpT_E448K	glpT	AMR	POINT	FOSFOMYCIN	FOSFOMYCIN	100	99.78	WP_000948731.1
SAMN07988997	acrF	acrF	AMR	AMR	EFFLUX	EFFLUX	100	99.52	AAC76298.1
SAMN07988997	pmrB_Y358N	pmrB	AMR	POINT	COLISTIN	COLISTIN	100	99.45	WP_001300761.1
SAMN07988997	parE_L416F	parE	AMR	POINT	QUINOLONE	QUINOLONE	100	99.68	WP_033554192.1
SAMN07988997	parC_S80I	parC	AMR	POINT	QUINOLONE	QUINOLONE	100	99.87	WP_001281881.1
SAMN07988997	blaCTX-M-14	blaCTX-M-14	AMR	AMR	BETA-LACTAM	CEPHALOSPORIN	100	100	WP_001617865.1
SAMN07988997	blaEC	blaEC	AMR	AMR	BETA-LACTAM	BETA-LACTAM	100	98.94	WP_063860256.1
SAMN07988997	tet(B)	tet(B)	AMR	AMR	TETRACYCLINE	TETRACYCLINE	100	100	WP_001089068.1
SAMN07988997	aph(6)-Id	aph(6)-Id	AMR	AMR	AMINOGLYCOSIDE	STREPTOMYCIN	100	100	WP_000480968.1
SAMN07988997	aph(3'')-Ib	aph(3'')-Ib	AMR	AMR	AMINOGLYCOSIDE	STREPTOMYCIN	100	100	WP_001082319.1
SAMN07988997	sul2	sul2	AMR	AMR	SULFONAMIDE	SULFONAMIDE	100	99.63	WP_001043265.1
SAMN07988997	blaTEM-1	blaTEM-1	AMR	AMR	BETA-LACTAM	BETA-LACTAM	100	100	WP_000027057.1
SAMN07988997	catA1	catA1	AMR	AMR	PHENICOL	CHLORAMPHENICOL	100	100	WP_000412211.1
SAMN11638310	gyrA_D87N	gyrA	AMR	POINT	QUINOLONE	QUINOLONE	99.66	98.74	WP_001281243.1
SAMN11638310	gyrA_S83L	gyrA	AMR	POINT	QUINOLONE	QUINOLONE	99.66	98.74	WP_001281243.1
SAMN11638310	glpT_E448K	glpT	AMR	POINT	FOSFOMYCIN	FOSFOMYCIN	100	99.12	WP_000948731.1
SAMN11638310	ftsI_I336IKYRI	ftsI	AMR	POINT	BETA-LACTAM	AZTREONAM	100	99.83	WP_000642196.1
SAMN11638310	parC_S80I	parC	AMR	POINT	QUINOLONE	QUINOLONE	100	99.87	WP_001281881.1
SAMN11638310	parE_S458A	parE	AMR	POINT	QUINOLONE	QUINOLONE	100	99.68	WP_033554192.1
SAMN11638310	acrF	acrF	AMR	AMR	EFFLUX	EFFLUX	100	99.42	AAC76298.1
SAMN11638310	emrD	emrD	AMR	AMR	EFFLUX	EFFLUX	100	99.75	EFF04178.1
SAMN11638310	cyaA_S352T	cyaA	AMR	POINT	FOSMIDOMYCIN	FOSMIDOMYCIN	100	99.29	WP_000281668.1
SAMN11638310	blaEC	blaEC	AMR	AMR	BETA-LACTAM	BETA-LACTAM	100	98.14	AAZ85968.1
SAMN11638310	blaTEM-1	blaTEM-1	AMR	AMR	BETA-LACTAM	BETA-LACTAM	100	100	WP_000027057.1
SAMN11638310	blaNDM-5	blaNDM-5	AMR	AMR	BETA-LACTAM	CARBAPENEM	100	100	WP_023408309.1
SAMN11638310	ble	ble-MBL	AMR	AMR	BLEOMYCIN	BLEOMYCIN	100	100	WP_004201167.1
SAMN11638310	blaCTX-M-15	blaCTX-M-15	AMR	AMR	BETA-LACTAM	CEPHALOSPORIN	100	100	WP_000239590.1
SAMN11638310	tet(B)	tet(B)	AMR	AMR	TETRACYCLINE	TETRACYCLINE	100	100	WP_001089068.1
SAMN11638310	aac(3)-IId	aac(3)-IId	AMR	AMR	AMINOGLYCOSIDE	GENTAMICIN	100	100	WP_000557454.1
SAMN11638310	aadA2	aadA2	AMR	AMR	AMINOGLYCOSIDE	STREPTOMYCIN	100	100	WP_001206356.1
SAMN11638310	dfrA12	dfrA12	AMR	AMR	TRIMETHOPRIM	TRIMETHOPRIM	100	100	WP_001083725.1
SAMN11638310	aac(6')-Ib-cr5	aac(6')-Ib-cr5	AMR	AMR	AMINOGLYCOSIDE/QUINOLONE	AMIKACIN/KANAMYCIN/QUINOLONE/TOBRAMYCIN	100	100	WP_063840321.1
SAMN11638310	blaOXA-1	blaOXA-1	AMR	AMR	BETA-LACTAM	CEPHALOSPORIN	100	100	WP_001334766.1
SAMN11638310	catB3	catB3	AMR	AMR	PHENICOL	CHLORAMPHENICOL	70	100	WP_000186237.1
SAMN11638310	dfrA17	dfrA17	AMR	AMR	TRIMETHOPRIM	TRIMETHOPRIM	100	100	WP_001389366.1
SAMN11638310	aadA5	aadA5	AMR	AMR	AMINOGLYCOSIDE	STREPTOMYCIN	100	100	WP_000503573.1
SAMN11638310	sul1	sul1	AMR	AMR	SULFONAMIDE	SULFONAMIDE	100	100	WP_000259031.1
SAMN18634044	glpT_E448K	glpT	AMR	POINT	FOSFOMYCIN	FOSFOMYCIN	100	99.78	WP_000948731.1
SAMN18634044	marR_S3N	marR	AMR	POINT	MULTIDRUG	AMPICILLIN/CHLORAMPHENICOL/QUINOLONE/RIFAMPIN/TETRACYCLINE	100	97.92	WP_000843414.1
SAMN18634044	emrD	emrD	AMR	AMR	EFFLUX	EFFLUX	100	99.49	EFF04178.1
SAMN18634044	dfrA1	dfrA1	AMR	AMR	TRIMETHOPRIM	TRIMETHOPRIM	100	100	WP_000777554.1
SAMN18634044	sat2	sat2_fam	AMR	AMR	STREPTOTHRICIN	STREPTOTHRICIN	100	100	WP_000704156.1
SAMN18634044	aadA1	aadA1	AMR	AMR	AMINOGLYCOSIDE	STREPTOMYCIN	100	100	WP_001206315.1
SAMN18634044	blaEC	blaEC	AMR	AMR	BETA-LACTAM	BETA-LACTAM	100	98.41	AAZ85965.1
SAMN18634044	pmrB_E123D	pmrB	AMR	POINT	COLISTIN	COLISTIN	100	98.9	WP_001300761.1
SAMN18634044	acrF	acrF	AMR	AMR	EFFLUX	EFFLUX	100	99.61	AAC76298.1
